,ProperCase,ProperCase_num,IncGeo_WardName,IncGeo_WardName_num
0,Ealing,0,GREENFORD BROADWAY,0
1,Ealing,0,NORWOOD GREEN,35
2,Ealing,0,SOUTHALL GREEN,60
3,Ealing,0,HOBBAYNE,91
4,Ealing,0,SOUTH ACTON,186
5,Ealing,0,SOUTHALL BROADWAY,201
6,Ealing,0,SOUTHFIELD,209
7,Ealing,0,ACTON CENTRAL,267
8,Ealing,0,EALING BROADWAY,284
9,Ealing,0,WALPOLE,290
10,Ealing,0,GREENFORD GREEN,305
11,Ealing,0,EALING COMMON,320
12,Ealing,0,NORTHFIELD,374
13,Ealing,0,CLEVELAND,423
14,Ealing,0,HANGER HILL,429
15,Ealing,0,NORTHOLT MANDEVILLE,492
16,Ealing,0,PERIVALE,494
17,Ealing,0,ELTHORNE,502
18,Ealing,0,DORMERS WELLS,515
19,Ealing,0,EAST ACTON,520
20,Ealing,0,LADY MARGARET,530
21,Ealing,0,NORTHOLT WEST END,542
22,Ealing,0,NORTH GREENFORD,577
23,Southwark,1,RYE LANE,1
24,Southwark,1,BOROUGH & BANKSIDE,15
25,Southwark,1,CHAUCER,73
26,Southwark,1,ST. GEORGE'S,85
27,Southwark,1,NORTH WALWORTH,86
28,Southwark,1,FARADAY,97
29,Southwark,1,GOOSE GREEN,119
30,Southwark,1,CAMBERWELL GREEN,121
31,Southwark,1,LONDON BRIDGE & WEST BERMONDSEY,134
32,Southwark,1,PECKHAM,136
33,Southwark,1,DULWICH VILLAGE,176
34,Southwark,1,SOUTH BERMONDSEY,216
35,Southwark,1,DULWICH HILL,218
36,Southwark,1,NEWINGTON,222
37,Southwark,1,CHAMPION HILL,268
38,Southwark,1,OLD KENT ROAD,313
39,Southwark,1,NUNHEAD & QUEEN'S ROAD,348
40,Southwark,1,ST. GILES,351
41,Southwark,1,SURREY DOCKS,367
42,Southwark,1,PECKHAM RYE,390
43,Southwark,1,NORTH BERMONDSEY,406
44,Southwark,1,DULWICH WOOD,426
45,Southwark,1,ROTHERHITHE,517
46,Islington,31,ST. GEORGE'S,85
47,Islington,31,ST. PETER'S,94
48,Islington,31,TOLLINGTON,108
49,Islington,31,HOLLOWAY,126
50,Islington,31,BUNHILL,138
51,Islington,31,FINSBURY PARK,142
52,Islington,31,HIGHBURY WEST,203
53,Islington,31,JUNCTION,255
54,Islington,31,CALEDONIAN,321
55,Islington,31,ST. MARY'S,324
56,Islington,31,CANONBURY,361
57,Islington,31,BARNSBURY,393
58,Islington,31,CLERKENWELL,516
59,Islington,31,HIGHBURY EAST,551
60,Islington,31,MILDMAY,580
61,Islington,31,HILLRISE,586
62,Hounslow,2,HESTON WEST,2
63,Hounslow,2,CHISWICK RIVERSIDE,14
64,Hounslow,2,TURNHAM GREEN,27
65,Hounslow,2,SYON,88
66,Hounslow,2,HOUNSLOW CENTRAL,139
67,Hounslow,2,BRENTFORD,183
68,Hounslow,2,HANWORTH,188
69,Hounslow,2,FELTHAM WEST,241
70,Hounslow,2,OSTERLEY AND SPRING GROVE,245
71,Hounslow,2,CHISWICK HOMEFIELDS,253
72,Hounslow,2,HOUNSLOW WEST,303
73,Hounslow,2,HOUNSLOW HEATH,328
74,Hounslow,2,HESTON CENTRAL,350
75,Hounslow,2,FELTHAM NORTH,373
76,Hounslow,2,BEDFONT,399
77,Hounslow,2,ISLEWORTH,421
78,Hounslow,2,HESTON EAST,458
79,Hounslow,2,HANWORTH PARK,490
80,Hounslow,2,CRANFORD,510
81,Hounslow,2,HOUNSLOW SOUTH,543
82,Sutton,3,BEDDINGTON SOUTH,3
83,Sutton,3,SUTTON CENTRAL,117
84,Sutton,3,WORCESTER PARK,129
85,Sutton,3,THE WRYTHE,182
86,Sutton,3,SUTTON WEST,230
87,Sutton,3,WALLINGTON SOUTH,403
88,Sutton,3,BELMONT,414
89,Sutton,3,ST. HELIER,141
90,Sutton,3,WANDLE VALLEY,476
91,Sutton,3,CHEAM,523
92,Sutton,3,BEDDINGTON NORTH,533
93,Sutton,3,WALLINGTON NORTH,555
94,Sutton,3,NONSUCH,562
95,Sutton,3,SUTTON SOUTH,584
96,Sutton,3,CARSHALTON CENTRAL,596
97,Sutton,3,CARSHALTON SOUTH AND CLOCKHOUSE,599
98,Sutton,3,SUTTON NORTH,605
99,Sutton,3,STONECOT,628
100,Harrow,20,BELMONT,414
101,Harrow,20,QUEENSBURY,504
102,Harrow,20,HEADSTONE SOUTH,36
103,Harrow,20,KENTON WEST,40
104,Harrow,20,HARROW WEALD,62
105,Harrow,20,GREENHILL,112
106,Harrow,20,CANONS,254
107,Harrow,20,RAYNERS LANE,277
108,Harrow,20,ROXBOURNE,295
109,Harrow,20,MARLBOROUGH,310
110,Harrow,20,ROXETH,315
111,Harrow,20,WEALDSTONE,413
112,Harrow,20,STANMORE PARK,428
113,Harrow,20,WEST HARROW,481
114,Harrow,20,HEADSTONE NORTH,529
115,Harrow,20,KENTON EAST,534
116,Harrow,20,PINNER SOUTH,536
117,Harrow,20,HARROW ON THE HILL,550
118,Harrow,20,PINNER,560
119,Harrow,20,HATCH END,616
120,Harrow,20,EDGWARE,567
121,Merton,11,ST. HELIER,141
122,Merton,11,ABBEY,47
123,Merton,11,VILLAGE,387
124,Merton,11,DUNDONALD,13
125,Merton,11,HILLSIDE,24
126,Merton,11,FIGGE'S MARSH,57
127,Merton,11,WEST BARNES,167
128,Merton,11,COLLIERS WOOD,198
129,Merton,11,TRINITY,252
130,Merton,11,POLLARDS HILL,269
131,Merton,11,RAYNES PARK,325
132,Merton,11,RAVENSBURY,402
133,Merton,11,CRICKET GREEN,522
134,Merton,11,CANNON HILL,526
135,Merton,11,LONGTHORNTON,576
136,Merton,11,MERTON PARK,607
137,Merton,11,LAVENDER FIELDS,615
138,Merton,11,WIMBLEDON PARK,621
139,Merton,11,GRAVENEY,196
140,Merton,11,LOWER MORDEN,633
141,Tower Hamlets,4,LANSBURY,4
142,Tower Hamlets,4,BOW EAST,5
143,Tower Hamlets,4,SHADWELL,12
144,Tower Hamlets,4,POPLAR,18
145,Tower Hamlets,4,WHITECHAPEL,25
146,Tower Hamlets,4,MILE END,32
147,Tower Hamlets,4,STEPNEY GREEN,56
148,Tower Hamlets,4,ST. PETER'S,94
149,Tower Hamlets,4,BROMLEY SOUTH,171
150,Tower Hamlets,4,ST. DUNSTAN'S,175
151,Tower Hamlets,4,BLACKWALL & CUBITT TOWN,248
152,Tower Hamlets,4,BOW WEST,261
153,Tower Hamlets,4,BETHNAL GREEN,362
154,Tower Hamlets,4,ISLAND GARDENS,394
155,Tower Hamlets,4,CANARY WHARF,405
156,Tower Hamlets,4,BROMLEY NORTH,407
157,Tower Hamlets,4,SPITALFIELDS & BANGLATOWN,410
158,Tower Hamlets,4,WEAVERS,411
159,Tower Hamlets,4,ST. KATHARINE'S & WAPPING,472
160,Tower Hamlets,4,LIMEHOUSE,630
161,Waltham Forest,5,CATHALL,6
162,Waltham Forest,5,LEYTON,45
163,Waltham Forest,5,ENDLEBURY,54
164,Waltham Forest,5,HIGH STREET,68
165,Waltham Forest,5,HALE END AND HIGHAMS PARK,70
166,Waltham Forest,5,HATCH LANE,74
167,Waltham Forest,5,HOE STREET,169
168,Waltham Forest,5,GROVE GREEN,172
169,Waltham Forest,5,LEYTONSTONE,236
170,Waltham Forest,5,VALLEY,271
171,Waltham Forest,5,LARKSWOOD,379
172,Waltham Forest,5,HIGHAM HILL,382
173,Waltham Forest,5,MARKHOUSE,389
174,Waltham Forest,5,FOREST,401
175,Waltham Forest,5,CANN HALL,477
176,Waltham Forest,5,LEA BRIDGE,206
177,Waltham Forest,5,WOOD STREET,537
178,Waltham Forest,5,CHAPEL END,539
179,Waltham Forest,5,WILLIAM MORRIS,608
180,Waltham Forest,5,CHINGFORD GREEN,629
181,Hackney,18,LEA BRIDGE,206
182,Hackney,18,HAGGERSTON,28
183,Hackney,18,HOXTON EAST & SHOREDITCH,33
184,Hackney,18,HOXTON WEST,39
185,Hackney,18,HACKNEY WICK,77
186,Hackney,18,DE BEAUVOIR,96
187,Hackney,18,SPRINGFIELD,148
188,Hackney,18,BROWNSWOOD,160
189,Hackney,18,STOKE NEWINGTON,181
190,Hackney,18,WOODBERRY DOWN,184
191,Hackney,18,HOMERTON,233
192,Hackney,18,STAMFORD HILL WEST,257
193,Hackney,18,SHACKLEWELL,258
194,Hackney,18,KING'S PARK,279
195,Hackney,18,CLISSOLD,329
196,Hackney,18,CAZENOVE,384
197,Hackney,18,LONDON FIELDS,455
198,Hackney,18,HACKNEY DOWNS,462
199,Hackney,18,DALSTON,463
200,Hackney,18,HACKNEY CENTRAL,479
201,Hackney,18,VICTORIA,619
202,Brent,6,WELSH HARP,7
203,Brent,6,BRONDESBURY PARK,122
204,Brent,6,KENTON,128
205,Brent,6,FRYENT,130
206,Brent,6,DUDDEN HILL,165
207,Brent,6,STONEBRIDGE,174
208,Brent,6,PRESTON,179
209,Brent,6,HARLESDEN,194
210,Brent,6,DOLLIS HILL,213
211,Brent,6,BARNHILL,224
212,Brent,6,KILBURN,208
213,Brent,6,KENSAL GREEN,281
214,Brent,6,TOKYNGTON,288
215,Brent,6,WEMBLEY CENTRAL,339
216,Brent,6,ALPERTON,388
217,Brent,6,MAPESBURY,434
218,Brent,6,WILLESDEN GREEN,435
219,Brent,6,SUDBURY,453
220,Brent,6,QUEENSBURY,504
221,Brent,6,QUEENS PARK,590
222,Brent,6,NORTHWICK PARK,613
223,Hillingdon,9,BARNHILL,224
224,Hillingdon,9,PINKWELL,10
225,Hillingdon,9,YEADING,78
226,Hillingdon,9,HEATHROW VILLAGES,103
227,Hillingdon,9,TOWNFIELD,133
228,Hillingdon,9,NORTHWOOD,135
229,Hillingdon,9,SOUTH RUISLIP,200
230,Hillingdon,9,WEST DRAYTON,234
231,Hillingdon,9,CHARVILLE,282
232,Hillingdon,9,UXBRIDGE SOUTH,294
233,Hillingdon,9,HILLINGDON EAST,304
234,Hillingdon,9,CAVENDISH,398
235,Hillingdon,9,BRUNEL,415
236,Hillingdon,9,MANOR,451
237,Hillingdon,9,BOTWELL,452
238,Hillingdon,9,YIEWSLEY,461
239,Hillingdon,9,UXBRIDGE NORTH,524
240,Hillingdon,9,NORTHWOOD HILLS,528
241,Hillingdon,9,HAREFIELD,601
242,Hillingdon,9,EASTCOTE AND EAST RUISLIP,603
243,Hillingdon,9,ICKENHAM,617
244,Hillingdon,9,WEST RUISLIP,626
245,Camden,26,KILBURN,208
246,Camden,26,REGENT'S PARK,331
247,Camden,26,HIGHGATE,155
248,Camden,26,HOLBORN AND COVENT GARDEN,59
249,Camden,26,FORTUNE GREEN,114
250,Camden,26,HAMPSTEAD TOWN,146
251,Camden,26,BLOOMSBURY,164
252,Camden,26,SWISS COTTAGE,237
253,Camden,26,ST. PANCRAS AND SOMERS TOWN,285
254,Camden,26,CAMDEN TOWN WITH PRIMROSE HILL,327
255,Camden,26,CANTELOWES,349
256,Camden,26,HAVERSTOCK,369
257,Camden,26,KING'S CROSS,375
258,Camden,26,BELSIZE,383
259,Camden,26,WEST HAMPSTEAD,385
260,Camden,26,KENTISH TOWN,442
261,Camden,26,GOSPEL OAK,509
262,Camden,26,FROGNAL AND FITZJOHNS,544
263,Lambeth,7,STREATHAM SOUTH,8
264,Lambeth,7,BISHOP'S,42
265,Lambeth,7,LARKHALL,64
266,Lambeth,7,COLDHARBOUR,93
267,Lambeth,7,STREATHAM HILL,113
268,Lambeth,7,BRIXTON HILL,132
269,Lambeth,7,ST. LEONARD'S,143
270,Lambeth,7,TULSE HILL,161
271,Lambeth,7,CLAPHAM COMMON,228
272,Lambeth,7,PRINCE'S,232
273,Lambeth,7,THURLOW PARK,243
274,Lambeth,7,OVAL,260
275,Lambeth,7,VASSALL,280
276,Lambeth,7,STREATHAM WELLS,301
277,Lambeth,7,KNIGHT'S HILL,308
278,Lambeth,7,FERNDALE,359
279,Lambeth,7,STOCKWELL,438
280,Lambeth,7,CLAPHAM TOWN,440
281,Lambeth,7,THORNTON,447
282,Lambeth,7,GIPSY HILL,482
283,Lambeth,7,HERNE HILL,535
284,Croydon,8,FAIRFIELD,9
285,Croydon,8,BROAD GREEN,52
286,Croydon,8,CRYSTAL PALACE & UPPER NORWOOD,63
287,Croydon,8,SELHURST,102
288,Croydon,8,NEW ADDINGTON NORTH,109
289,Croydon,8,NORBURY PARK,144
290,Croydon,8,WEST THORNTON,225
291,Croydon,8,PURLEY & WOODCOTE,240
292,Croydon,8,SOUTH NORWOOD,259
293,Croydon,8,PARK HILL & WHITGIFT,283
294,Croydon,8,NORBURY & POLLARDS HILL,286
295,Croydon,8,WADDON,292
296,Croydon,8,SELSDON VALE & FORESTDALE,297
297,Croydon,8,SELSDON & ADDINGTON VILLAGE,300
298,Croydon,8,WOODSIDE,340
299,Croydon,8,BENSHAM MANOR,360
300,Croydon,8,ADDISCOMBE EAST,416
301,Croydon,8,SANDERSTEAD,417
302,Croydon,8,OLD COULSDON,448
303,Croydon,8,ADDISCOMBE WEST,503
304,Croydon,8,SOUTH CROYDON,514
305,Croydon,8,COULSDON TOWN,521
306,Croydon,8,NEW ADDINGTON SOUTH,540
307,Croydon,8,THORNTON HEATH,545
308,Croydon,8,PURLEY OAKS & RIDDLESDOWN,569
309,Croydon,8,KENLEY,581
310,Croydon,8,SHIRLEY NORTH,591
311,Croydon,8,SHIRLY SOUTH,618
312,Wandsworth,32,FAIRFIELD,9
313,Wandsworth,32,GRAVENEY,196
314,Wandsworth,32,NORTHCOTE,157
315,Wandsworth,32,WANDSWORTH COMMON,158
316,Wandsworth,32,WEST HILL,242
317,Wandsworth,32,LATCHMERE,275
318,Wandsworth,32,FURZEDOWN,318
319,Wandsworth,32,NIGHTINGALE,334
320,Wandsworth,32,ROEHAMPTON AND PUTNEY HEATH,341
321,Wandsworth,32,TOOTING,377
322,Wandsworth,32,SHAFTESBURY,412
323,Wandsworth,32,BALHAM,419
324,Wandsworth,32,QUEENSTOWN,431
325,Wandsworth,32,WEST PUTNEY,433
326,Wandsworth,32,THAMESFIELD,468
327,Wandsworth,32,EARLSFIELD,480
328,Wandsworth,32,EAST PUTNEY,496
329,Wandsworth,32,SOUTHFIELDS,527
330,Wandsworth,32,ST. MARY'S PARK,556
331,Wandsworth,32,BEDFORD,574
332,Haringey,23,WOODSIDE,340
333,Haringey,23,ALEXANDRA,445
334,Haringey,23,ST. ANN'S,50
335,Haringey,23,BOUNDS GREEN,79
336,Haringey,23,HARRINGAY,90
337,Haringey,23,CROUCH END,125
338,Haringey,23,TOTTENHAM HALE,140
339,Haringey,23,STROUD GREEN,202
340,Haringey,23,NORTHUMBERLAND PARK,215
341,Haringey,23,WEST GREEN,264
342,Haringey,23,TOTTENHAM GREEN,278
343,Haringey,23,NOEL PARK,298
344,Haringey,23,HORNSEY,316
345,Haringey,23,FORTIS GREEN,345
346,Haringey,23,HIGHGATE,155
347,Haringey,23,BRUCE GROVE,386
348,Haringey,23,WHITE HART LANE,418
349,Haringey,23,MUSWELL HILL,474
350,Haringey,23,SEVEN SISTERS,513
351,Barking And dagenham,10,GASCOIGNE,11
352,Barking And dagenham,10,ABBEY,47
353,Barking And dagenham,10,THAMES,99
354,Barking And dagenham,10,CHADWELL HEATH,105
355,Barking And dagenham,10,ALIBON,190
356,Barking And dagenham,10,VALENCE,244
357,Barking And dagenham,10,LONGBRIDGE,299
358,Barking And dagenham,10,WHALEBONE,307
359,Barking And dagenham,10,RIVER,420
360,Barking And dagenham,10,VILLAGE,387
361,Barking And dagenham,10,PARSLOES,469
362,Barking And dagenham,10,MAYESBROOK,507
363,Barking And dagenham,10,HEATH,525
364,Barking And dagenham,10,BECONTREE,541
365,Barking And dagenham,10,EASTBURY,547
366,Barking And dagenham,10,EASTBROOK,620
367,Barking And dagenham,10,GORESBROOK,634
368,Westminster,12,ST. JAMES'S,16
369,Westminster,12,LANCASTER GATE,20
370,Westminster,12,QUEEN'S PARK,49
371,Westminster,12,WARWICK,65
372,Westminster,12,MARYLEBONE HIGH STREET,100
373,Westminster,12,WESTBOURNE,104
374,Westminster,12,TACHBROOK,131
375,Westminster,12,ABBEY ROAD,162
376,Westminster,12,KNIGHTSBRIDGE AND BELGRAVIA,177
377,Westminster,12,CHURCHILL,231
378,Westminster,12,MAIDA VALE,247
379,Westminster,12,WEST END,262
380,Westminster,12,HYDE PARK,302
381,Westminster,12,HARROW ROAD,312
382,Westminster,12,CHURCH STREET,353
383,Westminster,12,BRYANSTON AND DORSET SQUARE,391
384,Westminster,12,LITTLE VENICE,441
385,Westminster,12,BAYSWATER,449
386,Westminster,12,REGENT'S PARK,331
387,Westminster,12,VINCENT SQUARE,566
388,Lewisham,13,PERRY VALE,17
389,Lewisham,13,WHITEFOOT,23
390,Lewisham,13,LEWISHAM CENTRAL,41
391,Lewisham,13,RUSHEY GREEN,106
392,Lewisham,13,LADYWELL,152
393,Lewisham,13,CATFORD SOUTH,199
394,Lewisham,13,BELLINGHAM,207
395,Lewisham,13,TELEGRAPH HILL,211
396,Lewisham,13,SYDENHAM,217
397,Lewisham,13,BROCKLEY,221
398,Lewisham,13,FOREST HILL,291
399,Lewisham,13,GROVE PARK,337
400,Lewisham,13,EVELYN,342
401,Lewisham,13,LEE GREEN,380
402,Lewisham,13,BLACKHEATH,422
403,Lewisham,13,NEW CROSS,546
404,Lewisham,13,CROFTON PARK,593
405,Lewisham,13,DOWNHAM,604
406,Hammersmith And fulham,14,HAMMERSMITH BROADWAY,19
407,Hammersmith And fulham,14,COLLEGE PARK AND OLD OAK,156
408,Hammersmith And fulham,14,NORTH END,185
409,Hammersmith And fulham,14,TOWN,210
410,Hammersmith And fulham,14,RAVENSCOURT PARK,223
411,Hammersmith And fulham,14,ASKEW,273
412,Hammersmith And fulham,14,WORMHOLT AND WHITE CITY,311
413,Hammersmith And fulham,14,PALACE RIVERSIDE,326
414,Hammersmith And fulham,14,SANDS END,330
415,Hammersmith And fulham,14,AVONMORE AND BROOK GREEN,352
416,Hammersmith And fulham,14,ADDISON,376
417,Hammersmith And fulham,14,MUNSTER,396
418,Hammersmith And fulham,14,SHEPHERD'S BUSH GREEN,430
419,Hammersmith And fulham,14,PARSONS GREEN AND WALHAM,437
420,Hammersmith And fulham,14,FULHAM REACH,487
421,Hammersmith And fulham,14,FULHAM BROADWAY,495
422,Enfield,22,TOWN,210
423,Enfield,22,ENFIELD HIGHWAY,48
424,Enfield,22,UPPER EDMONTON,76
425,Enfield,22,HASELBURY,95
426,Enfield,22,TURKEY STREET,116
427,Enfield,22,CHASE,149
428,Enfield,22,SOUTHGATE GREEN,193
429,Enfield,22,EDMONTON GREEN,212
430,Enfield,22,LOWER EDMONTON,214
431,Enfield,22,PALMERS GREEN,250
432,Enfield,22,PONDERS END,265
433,Enfield,22,WINCHMORE HILL,276
434,Enfield,22,BOWES,293
435,Enfield,22,ENFIELD LOCK,357
436,Enfield,22,HIGHLANDS,427
437,Enfield,22,SOUTHGATE,478
438,Enfield,22,BUSH HILL PARK,508
439,Enfield,22,SOUTHBURY,518
440,Enfield,22,COCKFOSTERS,554
441,Enfield,22,JUBILEE,579
442,Enfield,22,GRANGE,592
443,Kingston Upon thames,15,COOMBE VALE,21
444,Kingston Upon thames,15,BEVERLEY,69
445,Kingston Upon thames,15,COOMBE HILL,72
446,Kingston Upon thames,15,TOLWORTH AND HOOK RISE,92
447,Kingston Upon thames,15,CHESSINGTON SOUTH,154
448,Kingston Upon thames,15,NORBITON,159
449,Kingston Upon thames,15,GROVE,364
450,Kingston Upon thames,15,SURBITON HILL,459
451,Kingston Upon thames,15,CANBURY,467
452,Kingston Upon thames,15,CHESSINGTON NORTH AND HOOK,485
453,Kingston Upon thames,15,ALEXANDRA,445
454,Kingston Upon thames,15,BERRYLANDS,561
455,Kingston Upon thames,15,TUDOR,571
456,Kingston Upon thames,15,ST. MARK'S,583
457,Kingston Upon thames,15,ST. JAMES,625
458,Kingston Upon thames,15,OLD MALDEN,631
459,Newham,16,BECKTON,22
460,Newham,16,CUSTOM HOUSE,30
461,Newham,16,WEST HAM,37
462,Newham,16,CANNING TOWN NORTH,38
463,Newham,16,FOREST GATE SOUTH,44
464,Newham,16,WALL END,46
465,Newham,16,STRATFORD AND NEW TOWN,55
466,Newham,16,PLAISTOW SOUTH,98
467,Newham,16,CANNING TOWN SOUTH,101
468,Newham,16,EAST HAM CENTRAL,137
469,Newham,16,EAST HAM SOUTH,153
470,Newham,16,MANOR PARK,168
471,Newham,16,ROYAL DOCKS,187
472,Newham,16,FOREST GATE NORTH,235
473,Newham,16,LITTLE ILFORD,335
474,Newham,16,GREEN STREET WEST,358
475,Newham,16,PLAISTOW NORTH,446
476,Newham,16,BOLEYN,493
477,Newham,16,EAST HAM NORTH,500
478,Newham,16,GREEN STREET EAST,532
479,Havering,17,ELM PARK,26
480,Havering,17,BROOKLANDS,29
481,Havering,17,SOUTH HORNCHURCH,115
482,Havering,17,HEATON,195
483,Havering,17,CRANHAM,197
484,Havering,17,ROMFORD TOWN,204
485,Havering,17,GOOSHAYS,238
486,Havering,17,HAVERING PARK,296
487,Havering,17,ST. ANDREW'S,319
488,Havering,17,MAWNEYS,322
489,Havering,17,RAINHAM AND WENNINGTON,343
490,Havering,17,PETTITS,466
491,Havering,17,HAROLD WOOD,471
492,Havering,17,HYLANDS,489
493,Havering,17,UPMINSTER,538
494,Havering,17,SQUIRREL'S HEATH,588
495,Havering,17,EMERSON PARK,606
496,Havering,17,HACTON,609
497,Greenwich,19,THAMESMEAD MOORINGS,31
498,Greenwich,19,ABBEY WOOD,34
499,Greenwich,19,COLDHARBOUR AND NEW ELTHAM,127
500,Greenwich,19,BLACKHEATH WESTCOMBE,151
501,Greenwich,19,SHOOTERS HILL,256
502,Greenwich,19,ELTHAM SOUTH,266
503,Greenwich,19,WOOLWICH COMMON,272
504,Greenwich,19,ELTHAM WEST,333
505,Greenwich,19,WOOLWICH RIVERSIDE,344
506,Greenwich,19,PLUMSTEAD,355
507,Greenwich,19,MIDDLE PARK AND SUTCLIFFE,356
508,Greenwich,19,PENINSULA,443
509,Greenwich,19,GLYNDON,475
510,Greenwich,19,CHARLTON,484
511,Greenwich,19,GREENWICH WEST,501
512,Greenwich,19,KIDBROOKE WITH HORNFAIR,564
513,Greenwich,19,ELTHAM NORTH,573
514,Barnet,21,EDGWARE,567
515,Barnet,21,WEST HENDON,43
516,Barnet,21,MILL HILL,75
517,Barnet,21,FINCHLEY CHURCH END,80
518,Barnet,21,BURNT OAK,87
519,Barnet,21,OAKLEIGH,163
520,Barnet,21,BRUNSWICK PARK,192
521,Barnet,21,UNDERHILL,239
522,Barnet,21,WEST FINCHLEY,309
523,Barnet,21,WOODHOUSE,336
524,Barnet,21,GOLDERS GREEN,346
525,Barnet,21,COLINDALE,354
526,Barnet,21,TOTTERIDGE,363
527,Barnet,21,HENDON,371
528,Barnet,21,HALE,381
529,Barnet,21,EAST FINCHLEY,432
530,Barnet,21,GARDEN SUBURB,457
531,Barnet,21,COPPETTS,483
532,Barnet,21,HIGH BARNET,488
533,Barnet,21,EAST BARNET,549
534,Barnet,21,CHILDS HILL,572
535,Kensington And chelsea,24,BROMPTON & HANS TOWN,51
536,Kensington And chelsea,24,STANLEY,71
537,Kensington And chelsea,24,DALGARNO,81
538,Kensington And chelsea,24,HOLLAND,191
539,Kensington And chelsea,24,EARL'S COURT,226
540,Kensington And chelsea,24,ABINGDON,251
541,Kensington And chelsea,24,COURTFIELD,274
542,Kensington And chelsea,24,ST. HELEN'S,289
543,Kensington And chelsea,24,GOLBORNE,332
544,Kensington And chelsea,24,COLVILLE,366
545,Kensington And chelsea,24,ROYAL HOSPITAL,392
546,Kensington And chelsea,24,QUEEN'S GATE,395
547,Kensington And chelsea,24,CHELSEA RIVERSIDE,408
548,Kensington And chelsea,24,NORLAND,456
549,Kensington And chelsea,24,PEMBRIDGE,499
550,Kensington And chelsea,24,NOTTING DALE,506
551,Kensington And chelsea,24,CAMPDEN,548
552,Kensington And chelsea,24,REDCLIFFE,553
553,Redbridge,25,HAINAULT,53
554,Redbridge,25,CRANBROOK,58
555,Redbridge,25,GOODMAYES,123
556,Redbridge,25,SOUTH WOODFORD,150
557,Redbridge,25,VALENTINES,170
558,Redbridge,25,CHURCHFIELDS,178
559,Redbridge,25,ALDBOROUGH,180
560,Redbridge,25,NEWBURY,205
561,Redbridge,25,CLAYHALL,220
562,Redbridge,25,CHADWELL,227
563,Redbridge,25,BRIDGE,323
564,Redbridge,25,ILFORD TOWN,347
565,Redbridge,25,FAIRLOP,365
566,Redbridge,25,CLEMENTSWOOD,370
567,Redbridge,25,FULLWELL,397
568,Redbridge,25,WANSTEAD VILLAGE,436
569,Redbridge,25,LOXFORD,497
570,Redbridge,25,MONKHAMS,498
571,Redbridge,25,SEVEN KINGS,565
572,Redbridge,25,MAYFIELD,595
573,Redbridge,25,WANSTEAD PARK,612
574,Redbridge,25,BARKINGSIDE,632
575,City Of london,28,BRIDGE,323
576,City Of london,28,FARRINGDON WITHIN,66
577,City Of london,28,CASTLE BAYNARD,84
578,City Of london,28,LIME STREET,219
579,City Of london,28,CRIPPLEGATE,229
580,City Of london,28,CHEAP,287
581,City Of london,28,ALDGATE,338
582,City Of london,28,FARRINGDON WITHOUT,368
583,City Of london,28,TOWER,424
584,City Of london,28,CORDWAINER,444
585,City Of london,28,BROAD STREET,454
586,City Of london,28,PORTSOKEN,464
587,City Of london,28,CANDLEWICK,559
588,City Of london,28,BREAD STREET,568
589,City Of london,28,BISHOPSGATE,578
590,City Of london,28,CORNHILL,582
591,City Of london,28,WALBROOK,587
592,City Of london,28,DOWGATE,600
593,City Of london,28,BILLINGSGATE,610
594,City Of london,28,ALDERSGATE,611
595,City Of london,28,BASSISHAW,614
596,City Of london,28,VINTRY,623
597,City Of london,28,COLEMAN STREET,627
598,City Of london,28,LANGBOURN,636
599,City Of london,28,QUEENHITHE,637
600,Bromley,27,COPERS COPE,61
601,Bromley,27,BICKLEY,82
602,Bromley,27,BROMLEY TOWN,107
603,Bromley,27,FARNBOROUGH AND CROFTON,118
604,Bromley,27,CHISLEHURST,120
605,Bromley,27,CRAY VALLEY EAST,249
606,Bromley,27,KELSEY AND EDEN PARK,263
607,Bromley,27,MOTTINGHAM AND CHISLEHURST NORTH,270
608,Bromley,27,CRAY VALLEY WEST,306
609,Bromley,27,SHORTLANDS,314
610,Bromley,27,CLOCK HOUSE,372
611,Bromley,27,BROMLEY COMMON AND KESTON,404
612,Bromley,27,ORPINGTON,409
613,Bromley,27,BIGGIN HILL,425
614,Bromley,27,PETTS WOOD AND KNOLL,460
615,Bromley,27,CRYSTAL PALACE,470
616,Bromley,27,PLAISTOW AND SUNDRIDGE,511
617,Bromley,27,CHELSFIELD AND PRATTS BOTTOM,512
618,Bromley,27,HAYES AND CONEY HALL,531
619,Bromley,27,WEST WICKHAM,552
620,Bromley,27,PENGE AND CATOR,558
621,Bromley,27,DARWIN,622
622,Bexley,29,BELVEDERE,67
623,Bexley,29,ST. MARY'S & ST. JAMES,110
624,Bexley,29,ERITH,145
625,Bexley,29,LONGLANDS,173
626,Bexley,29,SLADE GREEN & NORTHEND,189
627,Bexley,29,BARNEHURST,378
628,Bexley,29,BEXLEYHEATH,400
629,Bexley,29,FALCONWOOD & WELLING,439
630,Bexley,29,THAMESMEAD EAST,450
631,Bexley,29,SIDCUP,465
632,Bexley,29,CRAYFORD,473
633,Bexley,29,EAST WICKHAM,486
634,Bexley,29,BLACKFEN & LAMORBEY,505
635,Bexley,29,CROOK LOG,519
636,Bexley,29,NORTHUMBERLAND HEATH,575
637,Bexley,29,BLENDON & PENHILL,597
638,Bexley,29,WEST HEATH,624
639,Richmond Upon thames,30,NORTH RICHMOND,83
640,Richmond Upon thames,30,HEATHFIELD,89
641,Richmond Upon thames,30,TWICKENHAM RIVERSIDE,111
642,Richmond Upon thames,30,SOUTH RICHMOND,124
643,Richmond Upon thames,30,BARNES,147
644,Richmond Upon thames,30,MORTLAKE AND BARNES COMMON,166
645,Richmond Upon thames,30,FULWELL AND HAMPTON HILL,246
646,Richmond Upon thames,30,KEW,317
647,Richmond Upon thames,30,HAMPTON NORTH,491
648,Richmond Upon thames,30,TEDDINGTON,557
649,Richmond Upon thames,30,"HAM, PETERSHAM AND RICHMOND RIVERSIDE",563
650,Richmond Upon thames,30,HAMPTON WICK,570
651,Richmond Upon thames,30,SOUTH TWICKENHAM,585
652,Richmond Upon thames,30,WEST TWICKENHAM,589
653,Richmond Upon thames,30,HAMPTON,594
654,Richmond Upon thames,30,EAST SHEEN,598
655,Richmond Upon thames,30,ST. MARGARETS AND NORTH TWICKENHAM,602
656,Richmond Upon thames,30,WHITTON,635
